

INSERT INTO ntfy_ltr (ntfy_ltr_id, ltr_cntn_txt, ltr_subj, ltr_stts_code, ltr_stts_user_id, ltr_stts_date,tmpl_id, appl_id, last_updt_pgm, last_updt_user, last_updt_tmsp, plain_txt_fmt_flag) VALUES   (1, 'TEST Letter 1', 'Test Subject', 'D', 'kvyas', '2017-01-01 23:30:32', null, 42, 'MyNSF','kvyas', '2017-01-01 23:30:32', 'Y');
INSERT INTO ntfy_ltr (ntfy_ltr_id, ltr_cntn_txt, ltr_subj, ltr_stts_code, ltr_stts_user_id, ltr_stts_date,tmpl_id, appl_id, last_updt_pgm, last_updt_user, last_updt_tmsp, plain_txt_fmt_flag) VALUES   (2, 'TEST Letter 2', 'Test Subject', 'D', 'kvyas', '2017-01-01 23:30:32', null, 42, 'MyNSF','kvyas', '2017-01-01 23:30:32', 'Y');
INSERT INTO ntfy_ltr (ntfy_ltr_id, ltr_cntn_txt, ltr_subj, ltr_stts_code, ltr_stts_user_id, ltr_stts_date,tmpl_id, appl_id, last_updt_pgm, last_updt_user, last_updt_tmsp, plain_txt_fmt_flag) VALUES   (3, 'TEST Letter 3', 'Test Subject', 'D', 'kvyas', '2017-01-01 23:30:32', null, 42, 'MyNSF','kvyas', '2017-01-01 23:30:32', 'Y');
INSERT INTO ntfy_ltr (ntfy_ltr_id, ltr_cntn_txt, ltr_subj, ltr_stts_code, ltr_stts_user_id, ltr_stts_date,tmpl_id, appl_id, last_updt_pgm, last_updt_user, last_updt_tmsp, plain_txt_fmt_flag) VALUES   (4, 'TEST Letter 4', 'Test Subject', 'D', 'kvyas', '2017-01-01 23:30:32', null, 42, 'MyNSF','kvyas', '2017-01-01 23:30:32', 'Y');

INSERT INTO ntfy_ltr_recp (ntfy_ltr_id, ltr_recp_type_code, emai_addr, last_updt_pgm, last_updt_user, last_updt_tmsp) VALUES (1, 'F', 'ktest@nsf.gov', 'EmailSvc', 'MyNSF', '2016-11-18 16:14:28');
INSERT INTO ntfy_ltr_recp (ntfy_ltr_id, ltr_recp_type_code, emai_addr, last_updt_pgm, last_updt_user, last_updt_tmsp) VALUES (1, 'TO', 'jtest@nsf.gov', 'EmailSvc', 'MyNSF', '2016-11-18 16:14:28');
INSERT INTO ntfy_ltr_recp (ntfy_ltr_id, ltr_recp_type_code, emai_addr, last_updt_pgm, last_updt_user, last_updt_tmsp) VALUES (1, 'CC', 'atest@nsf.gov', 'EmailSvc', 'MyNSF', '2016-11-18 16:14:28');
INSERT INTO ntfy_ltr_recp (ntfy_ltr_id, ltr_recp_type_code, emai_addr, last_updt_pgm, last_updt_user, last_updt_tmsp) VALUES (1, 'BC', 'gtest@nsf.gov', 'EmailSvc', 'MyNSF', '2016-11-18 16:14:28');

INSERT INTO ntfy_ltr_recp (ntfy_ltr_id, ltr_recp_type_code, emai_addr, last_updt_pgm, last_updt_user, last_updt_tmsp) VALUES (2, 'F', 'ktest@nsf.gov', 'EmailSvc', 'MyNSF', '2016-11-18 16:14:28');
INSERT INTO ntfy_ltr_recp (ntfy_ltr_id, ltr_recp_type_code, emai_addr, last_updt_pgm, last_updt_user, last_updt_tmsp) VALUES (2, 'TO', 'jtest@nsf.gov', 'EmailSvc', 'MyNSF', '2016-11-18 16:14:28');
INSERT INTO ntfy_ltr_recp (ntfy_ltr_id, ltr_recp_type_code, emai_addr, last_updt_pgm, last_updt_user, last_updt_tmsp) VALUES (2, 'CC', 'atest@nsf.gov', 'EmailSvc', 'MyNSF', '2016-11-18 16:14:28');
INSERT INTO ntfy_ltr_recp (ntfy_ltr_id, ltr_recp_type_code, emai_addr, last_updt_pgm, last_updt_user, last_updt_tmsp) VALUES (2, 'BC', 'gtest@nsf.gov', 'EmailSvc', 'MyNSF', '2016-11-18 16:14:28');

INSERT INTO ntfy_ltr_recp (ntfy_ltr_id, ltr_recp_type_code, emai_addr, last_updt_pgm, last_updt_user, last_updt_tmsp) VALUES (3, 'F', 'ktest@nsf.gov', 'EmailSvc', 'MyNSF', '2016-11-18 16:14:28');
INSERT INTO ntfy_ltr_recp (ntfy_ltr_id, ltr_recp_type_code, emai_addr, last_updt_pgm, last_updt_user, last_updt_tmsp) VALUES (3, 'TO', 'jtest@nsf.gov', 'EmailSvc', 'MyNSF', '2016-11-18 16:14:28');
INSERT INTO ntfy_ltr_recp (ntfy_ltr_id, ltr_recp_type_code, emai_addr, last_updt_pgm, last_updt_user, last_updt_tmsp) VALUES (3, 'CC', 'atest@nsf.gov', 'EmailSvc', 'MyNSF', '2016-11-18 16:14:28');
INSERT INTO ntfy_ltr_recp (ntfy_ltr_id, ltr_recp_type_code, emai_addr, last_updt_pgm, last_updt_user, last_updt_tmsp) VALUES (3, 'BC', 'gtest@nsf.gov', 'EmailSvc', 'MyNSF', '2016-11-18 16:14:28');

INSERT INTO ntfy_ltr_recp (ntfy_ltr_id, ltr_recp_type_code, emai_addr, last_updt_pgm, last_updt_user, last_updt_tmsp) VALUES (4, 'F', 'ktest@nsf.gov', 'EmailSvc', 'MyNSF', '2016-11-18 16:14:28');
INSERT INTO ntfy_ltr_recp (ntfy_ltr_id, ltr_recp_type_code, emai_addr, last_updt_pgm, last_updt_user, last_updt_tmsp) VALUES (4, 'TO', 'jtest@nsf.gov', 'EmailSvc', 'MyNSF', '2016-11-18 16:14:28');
INSERT INTO ntfy_ltr_recp (ntfy_ltr_id, ltr_recp_type_code, emai_addr, last_updt_pgm, last_updt_user, last_updt_tmsp) VALUES (4, 'CC', 'atest@nsf.gov', 'EmailSvc', 'MyNSF', '2016-11-18 16:14:28');
INSERT INTO ntfy_ltr_recp (ntfy_ltr_id, ltr_recp_type_code, emai_addr, last_updt_pgm, last_updt_user, last_updt_tmsp) VALUES (4, 'BC', 'gtest@nsf.gov', 'EmailSvc', 'MyNSF', '2016-11-18 16:14:28');

INSERT INTO ntfy_ltr_addl_info (ntfy_ltr_id, ntfy_ltr_atr_id, atr_val, last_updt_pgm, last_updt_user, last_updt_tmsp) VALUES (1, 1, '123456', 'EmailSvc', 'MyNSF', '2016-11-18 16:14:28');
INSERT INTO ntfy_ltr_addl_info (ntfy_ltr_id, ntfy_ltr_atr_id, atr_val, last_updt_pgm, last_updt_user, last_updt_tmsp) VALUES (1, 2, 'pizza_man', 'EmailSvc', 'MyNSF', '2016-11-18 16:14:28');
INSERT INTO ntfy_ltr_addl_info (ntfy_ltr_id, ntfy_ltr_atr_id, atr_val, last_updt_pgm, last_updt_user, last_updt_tmsp) VALUES (2, 1, '654321', 'EmailSvc', 'MyNSF', '2016-11-18 16:14:28');
INSERT INTO ntfy_ltr_addl_info (ntfy_ltr_id, ntfy_ltr_atr_id, atr_val, last_updt_pgm, last_updt_user, last_updt_tmsp) VALUES (2, 2, 'man_pizza', 'EmailSvc', 'MyNSF', '2016-11-18 16:14:28');

INSERT INTO ntfy_ltr_atr_lkup (ntfy_ltr_atr_id, atr_name, eff_date, end_date, last_updt_pgm, last_updt_user, last_updt_tmsp) VALUES (1, 'award_id', '2016-11-18 16:14:28', '2016-11-18 16:14:28','EmailSvc', 'MyNSF', '2016-11-18 16:14:28');
INSERT INTO ntfy_ltr_atr_lkup (ntfy_ltr_atr_id, atr_name, eff_date, end_date, last_updt_pgm, last_updt_user, last_updt_tmsp) VALUES (2, 'panel_id', '2016-11-18 16:14:28', '2016-11-18 16:14:28','EmailSvc', 'MyNSF', '2016-11-18 16:14:28');
